province,hs2,hs2_name,exports,imports,total
AB,27,HS 270000,0.0,19917394338.0,19917394338.0
AB,84,HS 840000,0.0,16688539618.0,16688539618.0
AB,85,HS 850000,0.0,8036048998.0,8036048998.0
AB,87,HS 870000,0.0,4870657547.0,4870657547.0
AB,39,HS 390000,0.0,4396229880.0,4396229880.0
AB,73,HS 730000,0.0,4312778760.0,4312778760.0
AB,90,HS 900000,0.0,3636212990.0,3636212990.0
AB,22,HS 220000,0.0,3485993717.0,3485993717.0
AB,94,HS 940000,0.0,2146066343.0,2146066343.0
AB,29,HS 290000,0.0,2026261188.0,2026261188.0
AB,08,HS 080000,0.0,1977879624.0,1977879624.0
AB,38,HS 380000,0.0,1945743912.0,1945743912.0
AB,88,HS 880000,0.0,1943344991.0,1943344991.0
AB,40,HS 400000,0.0,1941066032.0,1941066032.0
AB,01,HS 010000,0.0,1807007642.0,1807007642.0
AB,07,HS 070000,0.0,1493439948.0,1493439948.0
AB,31,HS 310000,0.0,1161921717.0,1161921717.0
AB,95,HS 950000,0.0,1016590125.0,1016590125.0
AB,23,HS 230000,0.0,839643415.0,839643415.0
AB,99,HS 990000,0.0,829515627.0,829515627.0
AB,71,HS 710000,0.0,803915332.0,803915332.0
AB,34,HS 340000,0.0,791428783.0,791428783.0
AB,86,HS 860000,0.0,720796273.0,720796273.0
AB,48,HS 480000,0.0,719586202.0,719586202.0
AB,76,HS 760000,0.0,716377857.0,716377857.0
AB,21,HS 210000,0.0,679547042.0,679547042.0
AB,68,HS 680000,0.0,654957340.0,654957340.0
AB,28,HS 280000,0.0,608677770.0,608677770.0
AB,44,HS 440000,0.0,582919645.0,582919645.0
AB,72,HS 720000,0.0,554300454.0,554300454.0
AB,19,HS 190000,0.0,545914625.0,545914625.0
AB,33,HS 330000,0.0,523112694.0,523112694.0
AB,20,HS 200000,0.0,521122962.0,521122962.0
AB,82,HS 820000,0.0,509953100.0,509953100.0
AB,30,HS 300000,0.0,460979452.0,460979452.0
AB,10,HS 100000,0.0,436650562.0,436650562.0
AB,62,HS 620000,0.0,431043062.0,431043062.0
AB,83,HS 830000,0.0,426892702.0,426892702.0
AB,25,HS 250000,0.0,409868519.0,409868519.0
AB,63,HS 630000,0.0,394297907.0,394297907.0
AB,70,HS 700000,0.0,381252509.0,381252509.0
AB,61,HS 610000,0.0,364283573.0,364283573.0
AB,12,HS 120000,0.0,294025879.0,294025879.0
AB,42,HS 420000,0.0,265883139.0,265883139.0
AB,69,HS 690000,0.0,216064966.0,216064966.0
AB,16,HS 160000,0.0,207116719.0,207116719.0
AB,96,HS 960000,0.0,200078775.0,200078775.0
AB,03,HS 030000,0.0,192822990.0,192822990.0
AB,32,HS 320000,0.0,174490055.0,174490055.0
AB,09,HS 090000,0.0,173458066.0,173458066.0
AB,15,HS 150000,0.0,151316828.0,151316828.0
AB,74,HS 740000,0.0,134656160.0,134656160.0
AB,17,HS 170000,0.0,128488909.0,128488909.0
AB,36,HS 360000,0.0,128361979.0,128361979.0
AB,49,HS 490000,0.0,128017208.0,128017208.0
AB,64,HS 640000,0.0,126626152.0,126626152.0
AB,02,HS 020000,0.0,126119374.0,126119374.0
AB,93,HS 930000,0.0,126105949.0,126105949.0
AB,56,HS 560000,0.0,106293614.0,106293614.0
AB,75,HS 750000,0.0,103543370.0,103543370.0
AB,89,HS 890000,0.0,103184217.0,103184217.0
AB,18,HS 180000,0.0,97535585.0,97535585.0
AB,35,HS 350000,0.0,92301406.0,92301406.0
AB,57,HS 570000,0.0,92129853.0,92129853.0
AB,04,HS 040000,0.0,88771995.0,88771995.0
AB,65,HS 650000,0.0,85062572.0,85062572.0
AB,81,HS 810000,0.0,78539589.0,78539589.0
AB,59,HS 590000,0.0,76814266.0,76814266.0
AB,60,HS 600000,0.0,51564029.0,51564029.0
AB,13,HS 130000,0.0,51447709.0,51447709.0
AB,91,HS 910000,0.0,50700917.0,50700917.0
AB,06,HS 060000,0.0,44129161.0,44129161.0
AB,11,HS 110000,0.0,42468851.0,42468851.0
AB,54,HS 540000,0.0,41532608.0,41532608.0
AB,97,HS 970000,0.0,38452721.0,38452721.0
AB,05,HS 050000,0.0,31988559.0,31988559.0
AB,24,HS 240000,0.0,23750652.0,23750652.0
AB,98,HS 980000,0.0,23611833.0,23611833.0
AB,67,HS 670000,0.0,23084617.0,23084617.0
AB,66,HS 660000,0.0,20484239.0,20484239.0
AB,58,HS 580000,0.0,16591890.0,16591890.0
AB,47,HS 470000,0.0,13833782.0,13833782.0
AB,92,HS 920000,0.0,13207721.0,13207721.0
AB,55,HS 550000,0.0,9607742.0,9607742.0
AB,52,HS 520000,0.0,8399365.0,8399365.0
AB,37,HS 370000,0.0,7810436.0,7810436.0
AB,53,HS 530000,0.0,7047053.0,7047053.0
AB,46,HS 460000,0.0,6238809.0,6238809.0
AB,78,HS 780000,0.0,5629310.0,5629310.0
AB,14,HS 140000,0.0,5101498.0,5101498.0
AB,26,HS 260000,0.0,4723360.0,4723360.0
AB,41,HS 410000,0.0,4246106.0,4246106.0
AB,43,HS 430000,0.0,3629731.0,3629731.0
AB,45,HS 450000,0.0,3364904.0,3364904.0
AB,79,HS 790000,0.0,2745036.0,2745036.0
AB,51,HS 510000,0.0,2523671.0,2523671.0
AB,80,HS 800000,0.0,1364959.0,1364959.0
AB,50,HS 500000,0.0,380207.0,380207.0
BC,84,HS 840000,0.0,31535327608.0,31535327608.0
BC,87,HS 870000,0.0,21686617925.0,21686617925.0
BC,85,HS 850000,0.0,17689088009.0,17689088009.0
BC,27,HS 270000,0.0,8329692623.0,8329692623.0
BC,39,HS 390000,0.0,6833677419.0,6833677419.0
BC,73,HS 730000,0.0,6116712655.0,6116712655.0
BC,61,HS 610000,0.0,5940870171.0,5940870171.0
BC,94,HS 940000,0.0,5863774185.0,5863774185.0
BC,90,HS 900000,0.0,5409640962.0,5409640962.0
BC,08,HS 080000,0.0,5162986430.0,5162986430.0
BC,62,HS 620000,0.0,4444180469.0,4444180469.0
BC,72,HS 720000,0.0,3995759772.0,3995759772.0
BC,95,HS 950000,0.0,3871258301.0,3871258301.0
BC,26,HS 260000,0.0,3352215234.0,3352215234.0
BC,48,HS 480000,0.0,3225076829.0,3225076829.0
BC,44,HS 440000,0.0,3162487377.0,3162487377.0
BC,88,HS 880000,0.0,3107577751.0,3107577751.0
BC,28,HS 280000,0.0,2924382427.0,2924382427.0
BC,07,HS 070000,0.0,2864951913.0,2864951913.0
BC,76,HS 760000,0.0,2802407841.0,2802407841.0
BC,22,HS 220000,0.0,2542091533.0,2542091533.0
BC,03,HS 030000,0.0,2482310544.0,2482310544.0
BC,64,HS 640000,0.0,2354982834.0,2354982834.0
BC,40,HS 400000,0.0,2273479005.0,2273479005.0
BC,19,HS 190000,0.0,2135828076.0,2135828076.0
BC,38,HS 380000,0.0,2082679679.0,2082679679.0
BC,20,HS 200000,0.0,1908940912.0,1908940912.0
BC,21,HS 210000,0.0,1751894776.0,1751894776.0
BC,09,HS 090000,0.0,1732376536.0,1732376536.0
BC,42,HS 420000,0.0,1428648095.0,1428648095.0
BC,71,HS 710000,0.0,1369801345.0,1369801345.0
BC,68,HS 680000,0.0,1267148672.0,1267148672.0
BC,63,HS 630000,0.0,1237984782.0,1237984782.0
BC,89,HS 890000,0.0,1231507844.0,1231507844.0
BC,16,HS 160000,0.0,1188936350.0,1188936350.0
BC,70,HS 700000,0.0,1162100040.0,1162100040.0
BC,99,HS 990000,0.0,1150481839.0,1150481839.0
BC,02,HS 020000,0.0,1067790135.0,1067790135.0
BC,96,HS 960000,0.0,1062137198.0,1062137198.0
BC,83,HS 830000,0.0,1043153898.0,1043153898.0
BC,29,HS 290000,0.0,964752334.0,964752334.0
BC,82,HS 820000,0.0,933291144.0,933291144.0
BC,33,HS 330000,0.0,884772155.0,884772155.0
BC,15,HS 150000,0.0,856416412.0,856416412.0
BC,10,HS 100000,0.0,770130161.0,770130161.0
BC,32,HS 320000,0.0,760340737.0,760340737.0
BC,23,HS 230000,0.0,754545346.0,754545346.0
BC,12,HS 120000,0.0,716776904.0,716776904.0
BC,69,HS 690000,0.0,686457253.0,686457253.0
BC,17,HS 170000,0.0,686269504.0,686269504.0
BC,49,HS 490000,0.0,654219811.0,654219811.0
BC,34,HS 340000,0.0,646422821.0,646422821.0
BC,30,HS 300000,0.0,623752278.0,623752278.0
BC,25,HS 250000,0.0,595526047.0,595526047.0
BC,35,HS 350000,0.0,550590432.0,550590432.0
BC,74,HS 740000,0.0,550112759.0,550112759.0
BC,04,HS 040000,0.0,468430119.0,468430119.0
BC,06,HS 060000,0.0,444918474.0,444918474.0
BC,18,HS 180000,0.0,443452643.0,443452643.0
BC,57,HS 570000,0.0,339829419.0,339829419.0
BC,65,HS 650000,0.0,306257974.0,306257974.0
BC,86,HS 860000,0.0,294015539.0,294015539.0
BC,11,HS 110000,0.0,267382189.0,267382189.0
BC,93,HS 930000,0.0,265893278.0,265893278.0
BC,01,HS 010000,0.0,238491506.0,238491506.0
BC,56,HS 560000,0.0,225395458.0,225395458.0
BC,92,HS 920000,0.0,222138204.0,222138204.0
BC,91,HS 910000,0.0,208964870.0,208964870.0
BC,59,HS 590000,0.0,192334601.0,192334601.0
BC,13,HS 130000,0.0,177343982.0,177343982.0
BC,31,HS 310000,0.0,170012964.0,170012964.0
BC,05,HS 050000,0.0,158074473.0,158074473.0
BC,97,HS 970000,0.0,151559525.0,151559525.0
BC,54,HS 540000,0.0,132967070.0,132967070.0
BC,98,HS 980000,0.0,121567616.0,121567616.0
BC,81,HS 810000,0.0,119232800.0,119232800.0
BC,67,HS 670000,0.0,101762212.0,101762212.0
BC,24,HS 240000,0.0,92003599.0,92003599.0
BC,75,HS 750000,0.0,91161773.0,91161773.0
BC,66,HS 660000,0.0,77916072.0,77916072.0
BC,52,HS 520000,0.0,59437614.0,59437614.0
BC,60,HS 600000,0.0,56430175.0,56430175.0
BC,55,HS 550000,0.0,50412081.0,50412081.0
BC,58,HS 580000,0.0,45126118.0,45126118.0
BC,46,HS 460000,0.0,36419226.0,36419226.0
BC,36,HS 360000,0.0,34867619.0,34867619.0
BC,53,HS 530000,0.0,27086404.0,27086404.0
BC,14,HS 140000,0.0,26095058.0,26095058.0
BC,79,HS 790000,0.0,23111876.0,23111876.0
BC,45,HS 450000,0.0,18341001.0,18341001.0
BC,51,HS 510000,0.0,18036770.0,18036770.0
BC,47,HS 470000,0.0,16549983.0,16549983.0
BC,41,HS 410000,0.0,12316653.0,12316653.0
BC,37,HS 370000,0.0,11449672.0,11449672.0
BC,43,HS 430000,0.0,8325874.0,8325874.0
BC,78,HS 780000,0.0,7523250.0,7523250.0
BC,80,HS 800000,0.0,4451157.0,4451157.0
BC,50,HS 500000,0.0,2794510.0,2794510.0
MB,84,HS 840000,0.0,22190057064.0,22190057064.0
MB,87,HS 870000,0.0,9953977526.0,9953977526.0
MB,27,HS 270000,0.0,6390321387.0,6390321387.0
MB,85,HS 850000,0.0,6076771352.0,6076771352.0
MB,39,HS 390000,0.0,3897961366.0,3897961366.0
MB,38,HS 380000,0.0,3654066676.0,3654066676.0
MB,31,HS 310000,0.0,3091287336.0,3091287336.0
MB,73,HS 730000,0.0,2902589108.0,2902589108.0
MB,90,HS 900000,0.0,1969210541.0,1969210541.0
MB,48,HS 480000,0.0,1598429659.0,1598429659.0
MB,29,HS 290000,0.0,1485220010.0,1485220010.0
MB,94,HS 940000,0.0,1344751854.0,1344751854.0
MB,40,HS 400000,0.0,1131863480.0,1131863480.0
MB,86,HS 860000,0.0,976664980.0,976664980.0
MB,23,HS 230000,0.0,876149947.0,876149947.0
MB,34,HS 340000,0.0,815402365.0,815402365.0
MB,25,HS 250000,0.0,739424379.0,739424379.0
MB,88,HS 880000,0.0,640791142.0,640791142.0
MB,95,HS 950000,0.0,604943717.0,604943717.0
MB,44,HS 440000,0.0,582870446.0,582870446.0
MB,72,HS 720000,0.0,575871087.0,575871087.0
MB,99,HS 990000,0.0,505612175.0,505612175.0
MB,28,HS 280000,0.0,503073287.0,503073287.0
MB,32,HS 320000,0.0,502406453.0,502406453.0
MB,12,HS 120000,0.0,488506976.0,488506976.0
MB,76,HS 760000,0.0,476676625.0,476676625.0
MB,83,HS 830000,0.0,473781536.0,473781536.0
MB,19,HS 190000,0.0,448817225.0,448817225.0
MB,33,HS 330000,0.0,447129411.0,447129411.0
MB,82,HS 820000,0.0,426230800.0,426230800.0
MB,49,HS 490000,0.0,423983903.0,423983903.0
MB,30,HS 300000,0.0,416326158.0,416326158.0
MB,68,HS 680000,0.0,404516757.0,404516757.0
MB,02,HS 020000,0.0,404295175.0,404295175.0
MB,10,HS 100000,0.0,402073004.0,402073004.0
MB,21,HS 210000,0.0,360337826.0,360337826.0
MB,08,HS 080000,0.0,354105861.0,354105861.0
MB,57,HS 570000,0.0,340442148.0,340442148.0
MB,16,HS 160000,0.0,325017800.0,325017800.0
MB,70,HS 700000,0.0,313236204.0,313236204.0
MB,07,HS 070000,0.0,278405403.0,278405403.0
MB,22,HS 220000,0.0,273714120.0,273714120.0
MB,20,HS 200000,0.0,255122558.0,255122558.0
MB,15,HS 150000,0.0,248466439.0,248466439.0
MB,62,HS 620000,0.0,246966177.0,246966177.0
MB,35,HS 350000,0.0,209755901.0,209755901.0
MB,96,HS 960000,0.0,202363723.0,202363723.0
MB,61,HS 610000,0.0,196139111.0,196139111.0
MB,04,HS 040000,0.0,171764960.0,171764960.0
MB,63,HS 630000,0.0,163916560.0,163916560.0
MB,56,HS 560000,0.0,163106313.0,163106313.0
MB,74,HS 740000,0.0,162895758.0,162895758.0
MB,89,HS 890000,0.0,160823576.0,160823576.0
MB,26,HS 260000,0.0,158833767.0,158833767.0
MB,42,HS 420000,0.0,115000983.0,115000983.0
MB,64,HS 640000,0.0,108989453.0,108989453.0
MB,93,HS 930000,0.0,99396979.0,99396979.0
MB,71,HS 710000,0.0,91016123.0,91016123.0
MB,06,HS 060000,0.0,88494308.0,88494308.0
MB,36,HS 360000,0.0,84798266.0,84798266.0
MB,17,HS 170000,0.0,84546656.0,84546656.0
MB,69,HS 690000,0.0,78450909.0,78450909.0
MB,59,HS 590000,0.0,70349330.0,70349330.0
MB,18,HS 180000,0.0,66634091.0,66634091.0
MB,01,HS 010000,0.0,64691861.0,64691861.0
MB,11,HS 110000,0.0,63908702.0,63908702.0
MB,65,HS 650000,0.0,59219514.0,59219514.0
MB,75,HS 750000,0.0,54455592.0,54455592.0
MB,09,HS 090000,0.0,50317018.0,50317018.0
MB,55,HS 550000,0.0,49826354.0,49826354.0
MB,54,HS 540000,0.0,43552149.0,43552149.0
MB,05,HS 050000,0.0,32665998.0,32665998.0
MB,81,HS 810000,0.0,30652733.0,30652733.0
MB,60,HS 600000,0.0,27873092.0,27873092.0
MB,91,HS 910000,0.0,26533799.0,26533799.0
MB,58,HS 580000,0.0,22066088.0,22066088.0
MB,47,HS 470000,0.0,21916298.0,21916298.0
MB,03,HS 030000,0.0,19434682.0,19434682.0
MB,24,HS 240000,0.0,15596846.0,15596846.0
MB,13,HS 130000,0.0,13252768.0,13252768.0
MB,92,HS 920000,0.0,12811799.0,12811799.0
MB,52,HS 520000,0.0,11936089.0,11936089.0
MB,97,HS 970000,0.0,11799650.0,11799650.0
MB,98,HS 980000,0.0,11707215.0,11707215.0
MB,41,HS 410000,0.0,9089905.0,9089905.0
MB,53,HS 530000,0.0,7765855.0,7765855.0
MB,79,HS 790000,0.0,6530274.0,6530274.0
MB,37,HS 370000,0.0,5381527.0,5381527.0
MB,46,HS 460000,0.0,5284304.0,5284304.0
MB,67,HS 670000,0.0,5170521.0,5170521.0
MB,43,HS 430000,0.0,4884879.0,4884879.0
MB,66,HS 660000,0.0,2622354.0,2622354.0
MB,45,HS 450000,0.0,2511070.0,2511070.0
MB,14,HS 140000,0.0,1961852.0,1961852.0
MB,80,HS 800000,0.0,1934721.0,1934721.0
MB,51,HS 510000,0.0,1877224.0,1877224.0
MB,78,HS 780000,0.0,1348071.0,1348071.0
MB,50,HS 500000,0.0,278569.0,278569.0
NB,27,HS 270000,0.0,33320416026.0,33320416026.0
NB,84,HS 840000,0.0,1894336647.0,1894336647.0
NB,87,HS 870000,0.0,1252052511.0,1252052511.0
NB,03,HS 030000,0.0,1121943966.0,1121943966.0
NB,39,HS 390000,0.0,624081347.0,624081347.0
NB,85,HS 850000,0.0,576637753.0,576637753.0
NB,48,HS 480000,0.0,409448204.0,409448204.0
NB,40,HS 400000,0.0,403130048.0,403130048.0
NB,73,HS 730000,0.0,351938021.0,351938021.0
NB,15,HS 150000,0.0,317608645.0,317608645.0
NB,44,HS 440000,0.0,302458524.0,302458524.0
NB,28,HS 280000,0.0,233551720.0,233551720.0
NB,47,HS 470000,0.0,217584936.0,217584936.0
NB,90,HS 900000,0.0,210814747.0,210814747.0
NB,08,HS 080000,0.0,195090732.0,195090732.0
NB,22,HS 220000,0.0,181781274.0,181781274.0
NB,94,HS 940000,0.0,172562253.0,172562253.0
NB,89,HS 890000,0.0,153028439.0,153028439.0
NB,38,HS 380000,0.0,139286568.0,139286568.0
NB,68,HS 680000,0.0,104557636.0,104557636.0
NB,19,HS 190000,0.0,101684641.0,101684641.0
NB,76,HS 760000,0.0,96534772.0,96534772.0
NB,23,HS 230000,0.0,91701356.0,91701356.0
NB,07,HS 070000,0.0,90585654.0,90585654.0
NB,56,HS 560000,0.0,87749231.0,87749231.0
NB,32,HS 320000,0.0,87628035.0,87628035.0
NB,88,HS 880000,0.0,85129613.0,85129613.0
NB,20,HS 200000,0.0,82775668.0,82775668.0
NB,70,HS 700000,0.0,76610681.0,76610681.0
NB,25,HS 250000,0.0,65722491.0,65722491.0
NB,83,HS 830000,0.0,52743275.0,52743275.0
NB,72,HS 720000,0.0,52517779.0,52517779.0
NB,93,HS 930000,0.0,52127570.0,52127570.0
NB,33,HS 330000,0.0,46916121.0,46916121.0
NB,29,HS 290000,0.0,44521539.0,44521539.0
NB,74,HS 740000,0.0,44055366.0,44055366.0
NB,05,HS 050000,0.0,41119360.0,41119360.0
NB,63,HS 630000,0.0,40244219.0,40244219.0
NB,34,HS 340000,0.0,35260052.0,35260052.0
NB,95,HS 950000,0.0,34191764.0,34191764.0
NB,99,HS 990000,0.0,33683275.0,33683275.0
NB,06,HS 060000,0.0,32603341.0,32603341.0
NB,12,HS 120000,0.0,32331073.0,32331073.0
NB,21,HS 210000,0.0,28066784.0,28066784.0
NB,31,HS 310000,0.0,27674353.0,27674353.0
NB,11,HS 110000,0.0,26762346.0,26762346.0
NB,96,HS 960000,0.0,25247939.0,25247939.0
NB,82,HS 820000,0.0,23425206.0,23425206.0
NB,62,HS 620000,0.0,23082884.0,23082884.0
NB,59,HS 590000,0.0,22428601.0,22428601.0
NB,35,HS 350000,0.0,22025051.0,22025051.0
NB,57,HS 570000,0.0,20857291.0,20857291.0
NB,86,HS 860000,0.0,19992067.0,19992067.0
NB,17,HS 170000,0.0,19781149.0,19781149.0
NB,10,HS 100000,0.0,19017557.0,19017557.0
NB,49,HS 490000,0.0,18915522.0,18915522.0
NB,18,HS 180000,0.0,16415912.0,16415912.0
NB,30,HS 300000,0.0,15410419.0,15410419.0
NB,61,HS 610000,0.0,13871929.0,13871929.0
NB,69,HS 690000,0.0,13385183.0,13385183.0
NB,26,HS 260000,0.0,11953365.0,11953365.0
NB,54,HS 540000,0.0,11552235.0,11552235.0
NB,16,HS 160000,0.0,11027037.0,11027037.0
NB,71,HS 710000,0.0,9845984.0,9845984.0
NB,01,HS 010000,0.0,9208310.0,9208310.0
NB,09,HS 090000,0.0,8751906.0,8751906.0
NB,04,HS 040000,0.0,8078512.0,8078512.0
NB,75,HS 750000,0.0,6405163.0,6405163.0
NB,92,HS 920000,0.0,6266984.0,6266984.0
NB,80,HS 800000,0.0,4384147.0,4384147.0
NB,42,HS 420000,0.0,4303279.0,4303279.0
NB,55,HS 550000,0.0,4044868.0,4044868.0
NB,81,HS 810000,0.0,3330710.0,3330710.0
NB,98,HS 980000,0.0,3267135.0,3267135.0
NB,65,HS 650000,0.0,2964202.0,2964202.0
NB,58,HS 580000,0.0,2864692.0,2864692.0
NB,13,HS 130000,0.0,2436177.0,2436177.0
NB,97,HS 970000,0.0,2321920.0,2321920.0
NB,78,HS 780000,0.0,2015782.0,2015782.0
NB,41,HS 410000,0.0,1862052.0,1862052.0
NB,02,HS 020000,0.0,1714128.0,1714128.0
NB,52,HS 520000,0.0,1570216.0,1570216.0
NB,64,HS 640000,0.0,1522232.0,1522232.0
NB,67,HS 670000,0.0,1495342.0,1495342.0
NB,60,HS 600000,0.0,919309.0,919309.0
NB,36,HS 360000,0.0,890191.0,890191.0
NB,79,HS 790000,0.0,851429.0,851429.0
NB,24,HS 240000,0.0,517370.0,517370.0
NB,46,HS 460000,0.0,463142.0,463142.0
NB,51,HS 510000,0.0,444415.0,444415.0
NB,91,HS 910000,0.0,424697.0,424697.0
NB,66,HS 660000,0.0,311338.0,311338.0
NB,43,HS 430000,0.0,163887.0,163887.0
NB,45,HS 450000,0.0,158036.0,158036.0
NB,53,HS 530000,0.0,144779.0,144779.0
NB,37,HS 370000,0.0,100226.0,100226.0
NB,14,HS 140000,0.0,92694.0,92694.0
NB,50,HS 500000,0.0,1694.0,1694.0
NL,27,HS 270000,0.0,2769503089.0,2769503089.0
NL,84,HS 840000,0.0,2444605075.0,2444605075.0
NL,15,HS 150000,0.0,2207300642.0,2207300642.0
NL,89,HS 890000,0.0,1224301614.0,1224301614.0
NL,88,HS 880000,0.0,691171962.0,691171962.0
NL,73,HS 730000,0.0,190463950.0,190463950.0
NL,99,HS 990000,0.0,140931848.0,140931848.0
NL,28,HS 280000,0.0,87448295.0,87448295.0
NL,39,HS 390000,0.0,45532124.0,45532124.0
NL,85,HS 850000,0.0,44399906.0,44399906.0
NL,90,HS 900000,0.0,39549465.0,39549465.0
NL,26,HS 260000,0.0,20207977.0,20207977.0
NL,40,HS 400000,0.0,19657271.0,19657271.0
NL,25,HS 250000,0.0,19396084.0,19396084.0
NL,03,HS 030000,0.0,18544468.0,18544468.0
NL,48,HS 480000,0.0,15909262.0,15909262.0
NL,56,HS 560000,0.0,13120716.0,13120716.0
NL,75,HS 750000,0.0,11756138.0,11756138.0
NL,38,HS 380000,0.0,10883090.0,10883090.0
NL,98,HS 980000,0.0,10609270.0,10609270.0
NL,94,HS 940000,0.0,9885756.0,9885756.0
NL,05,HS 050000,0.0,8547829.0,8547829.0
NL,72,HS 720000,0.0,8380841.0,8380841.0
NL,70,HS 700000,0.0,7960882.0,7960882.0
NL,83,HS 830000,0.0,6209367.0,6209367.0
NL,81,HS 810000,0.0,4787966.0,4787966.0
NL,82,HS 820000,0.0,3394556.0,3394556.0
NL,76,HS 760000,0.0,2752100.0,2752100.0
NL,18,HS 180000,0.0,2282673.0,2282673.0
NL,23,HS 230000,0.0,2212558.0,2212558.0
NL,19,HS 190000,0.0,1954040.0,1954040.0
NL,62,HS 620000,0.0,1756768.0,1756768.0
NL,86,HS 860000,0.0,1650998.0,1650998.0
NL,63,HS 630000,0.0,1506261.0,1506261.0
NL,34,HS 340000,0.0,1092769.0,1092769.0
NL,87,HS 870000,0.0,945171.0,945171.0
NL,74,HS 740000,0.0,742021.0,742021.0
NL,32,HS 320000,0.0,569848.0,569848.0
NL,44,HS 440000,0.0,453196.0,453196.0
NL,16,HS 160000,0.0,415765.0,415765.0
NL,21,HS 210000,0.0,412413.0,412413.0
NL,31,HS 310000,0.0,392327.0,392327.0
NL,71,HS 710000,0.0,338613.0,338613.0
NL,96,HS 960000,0.0,333039.0,333039.0
NL,01,HS 010000,0.0,315082.0,315082.0
NL,69,HS 690000,0.0,262668.0,262668.0
NL,61,HS 610000,0.0,256942.0,256942.0
NL,06,HS 060000,0.0,249432.0,249432.0
NL,79,HS 790000,0.0,233401.0,233401.0
NL,35,HS 350000,0.0,219043.0,219043.0
NL,95,HS 950000,0.0,166137.0,166137.0
NL,13,HS 130000,0.0,150595.0,150595.0
NL,68,HS 680000,0.0,144134.0,144134.0
NL,59,HS 590000,0.0,132988.0,132988.0
NL,49,HS 490000,0.0,110118.0,110118.0
NL,08,HS 080000,0.0,101631.0,101631.0
NL,42,HS 420000,0.0,95362.0,95362.0
NL,30,HS 300000,0.0,90344.0,90344.0
NL,65,HS 650000,0.0,72510.0,72510.0
NL,20,HS 200000,0.0,56551.0,56551.0
NL,24,HS 240000,0.0,50384.0,50384.0
NL,22,HS 220000,0.0,42401.0,42401.0
NL,91,HS 910000,0.0,39186.0,39186.0
NL,64,HS 640000,0.0,38361.0,38361.0
NL,36,HS 360000,0.0,35539.0,35539.0
NL,09,HS 090000,0.0,30775.0,30775.0
NL,17,HS 170000,0.0,27956.0,27956.0
NL,29,HS 290000,0.0,22173.0,22173.0
NL,97,HS 970000,0.0,16122.0,16122.0
NL,54,HS 540000,0.0,12108.0,12108.0
NL,57,HS 570000,0.0,5670.0,5670.0
NL,51,HS 510000,0.0,5151.0,5151.0
NL,58,HS 580000,0.0,5141.0,5141.0
NL,67,HS 670000,0.0,4094.0,4094.0
NL,45,HS 450000,0.0,3700.0,3700.0
NL,33,HS 330000,0.0,3363.0,3363.0
NL,12,HS 120000,0.0,2657.0,2657.0
NL,93,HS 930000,0.0,2491.0,2491.0
NL,60,HS 600000,0.0,1872.0,1872.0
NL,43,HS 430000,0.0,1212.0,1212.0
NL,80,HS 800000,0.0,967.0,967.0
NL,66,HS 660000,0.0,747.0,747.0
NL,78,HS 780000,0.0,433.0,433.0
NL,55,HS 550000,0.0,425.0,425.0
NL,37,HS 370000,0.0,295.0,295.0
NL,52,HS 520000,0.0,198.0,198.0
NL,04,HS 040000,0.0,137.0,137.0
NL,50,HS 500000,0.0,127.0,127.0
NL,92,HS 920000,0.0,61.0,61.0
NL,46,HS 460000,0.0,42.0,42.0
NL,07,HS 070000,0.0,24.0,24.0
NS,87,HS 870000,0.0,15393883381.0,15393883381.0
NS,84,HS 840000,0.0,3320350666.0,3320350666.0
NS,27,HS 270000,0.0,2961788570.0,2961788570.0
NS,99,HS 990000,0.0,1227540701.0,1227540701.0
NS,85,HS 850000,0.0,1154732327.0,1154732327.0
NS,88,HS 880000,0.0,671385520.0,671385520.0
NS,03,HS 030000,0.0,644993682.0,644993682.0
NS,73,HS 730000,0.0,633131115.0,633131115.0
NS,40,HS 400000,0.0,632149910.0,632149910.0
NS,89,HS 890000,0.0,616800922.0,616800922.0
NS,22,HS 220000,0.0,486623463.0,486623463.0
NS,61,HS 610000,0.0,389598482.0,389598482.0
NS,62,HS 620000,0.0,301033497.0,301033497.0
NS,30,HS 300000,0.0,266568235.0,266568235.0
NS,39,HS 390000,0.0,215700840.0,215700840.0
NS,72,HS 720000,0.0,201575771.0,201575771.0
NS,05,HS 050000,0.0,193309371.0,193309371.0
NS,33,HS 330000,0.0,181853762.0,181853762.0
NS,94,HS 940000,0.0,157139942.0,157139942.0
NS,76,HS 760000,0.0,126154106.0,126154106.0
NS,90,HS 900000,0.0,103997426.0,103997426.0
NS,15,HS 150000,0.0,98536870.0,98536870.0
NS,48,HS 480000,0.0,94849267.0,94849267.0
NS,28,HS 280000,0.0,91962032.0,91962032.0
NS,08,HS 080000,0.0,91745460.0,91745460.0
NS,56,HS 560000,0.0,90559295.0,90559295.0
NS,44,HS 440000,0.0,85212376.0,85212376.0
NS,71,HS 710000,0.0,81167877.0,81167877.0
NS,19,HS 190000,0.0,80499320.0,80499320.0
NS,21,HS 210000,0.0,76550375.0,76550375.0
NS,98,HS 980000,0.0,67142618.0,67142618.0
NS,86,HS 860000,0.0,65134737.0,65134737.0
NS,18,HS 180000,0.0,61946297.0,61946297.0
NS,29,HS 290000,0.0,58333355.0,58333355.0
NS,54,HS 540000,0.0,53975289.0,53975289.0
NS,70,HS 700000,0.0,49791795.0,49791795.0
NS,64,HS 640000,0.0,48856007.0,48856007.0
NS,20,HS 200000,0.0,47704570.0,47704570.0
NS,69,HS 690000,0.0,47535357.0,47535357.0
NS,25,HS 250000,0.0,44490411.0,44490411.0
NS,38,HS 380000,0.0,41398664.0,41398664.0
NS,68,HS 680000,0.0,32964271.0,32964271.0
NS,74,HS 740000,0.0,32117968.0,32117968.0
NS,23,HS 230000,0.0,26497439.0,26497439.0
NS,63,HS 630000,0.0,25984334.0,25984334.0
NS,93,HS 930000,0.0,25902022.0,25902022.0
NS,42,HS 420000,0.0,22571475.0,22571475.0
NS,95,HS 950000,0.0,18100564.0,18100564.0
NS,59,HS 590000,0.0,17571417.0,17571417.0
NS,35,HS 350000,0.0,16531587.0,16531587.0
NS,49,HS 490000,0.0,15889106.0,15889106.0
NS,36,HS 360000,0.0,15778697.0,15778697.0
NS,83,HS 830000,0.0,15158331.0,15158331.0
NS,82,HS 820000,0.0,13298540.0,13298540.0
NS,47,HS 470000,0.0,13219964.0,13219964.0
NS,31,HS 310000,0.0,13034058.0,13034058.0
NS,32,HS 320000,0.0,13018473.0,13018473.0
NS,81,HS 810000,0.0,12174716.0,12174716.0
NS,10,HS 100000,0.0,11959772.0,11959772.0
NS,09,HS 090000,0.0,11073355.0,11073355.0
NS,17,HS 170000,0.0,10831807.0,10831807.0
NS,16,HS 160000,0.0,10217247.0,10217247.0
NS,07,HS 070000,0.0,8869460.0,8869460.0
NS,34,HS 340000,0.0,7625566.0,7625566.0
NS,12,HS 120000,0.0,7046140.0,7046140.0
NS,97,HS 970000,0.0,6302021.0,6302021.0
NS,06,HS 060000,0.0,5782781.0,5782781.0
NS,57,HS 570000,0.0,4882489.0,4882489.0
NS,04,HS 040000,0.0,4772650.0,4772650.0
NS,65,HS 650000,0.0,3851038.0,3851038.0
NS,96,HS 960000,0.0,3473848.0,3473848.0
NS,60,HS 600000,0.0,3238222.0,3238222.0
NS,11,HS 110000,0.0,2783424.0,2783424.0
NS,53,HS 530000,0.0,2456811.0,2456811.0
NS,02,HS 020000,0.0,2364529.0,2364529.0
NS,41,HS 410000,0.0,2089884.0,2089884.0
NS,92,HS 920000,0.0,1995146.0,1995146.0
NS,58,HS 580000,0.0,1798397.0,1798397.0
NS,13,HS 130000,0.0,1616423.0,1616423.0
NS,66,HS 660000,0.0,1226515.0,1226515.0
NS,46,HS 460000,0.0,1032051.0,1032051.0
NS,67,HS 670000,0.0,1016543.0,1016543.0
NS,80,HS 800000,0.0,995985.0,995985.0
NS,55,HS 550000,0.0,866280.0,866280.0
NS,79,HS 790000,0.0,818742.0,818742.0
NS,75,HS 750000,0.0,722392.0,722392.0
NS,51,HS 510000,0.0,706439.0,706439.0
NS,78,HS 780000,0.0,538061.0,538061.0
NS,52,HS 520000,0.0,505895.0,505895.0
NS,14,HS 140000,0.0,429258.0,429258.0
NS,26,HS 260000,0.0,275039.0,275039.0
NS,91,HS 910000,0.0,153655.0,153655.0
NS,45,HS 450000,0.0,78141.0,78141.0
NS,50,HS 500000,0.0,42704.0,42704.0
NS,24,HS 240000,0.0,38563.0,38563.0
NS,01,HS 010000,0.0,26139.0,26139.0
NS,37,HS 370000,0.0,4791.0,4791.0
NS,43,HS 430000,0.0,153.0,153.0
NT,27,HS 270000,0.0,129998876.0,129998876.0
NT,84,HS 840000,0.0,346859.0,346859.0
NT,63,HS 630000,0.0,197834.0,197834.0
NT,88,HS 880000,0.0,24577.0,24577.0
NT,85,HS 850000,0.0,13350.0,13350.0
NT,73,HS 730000,0.0,7404.0,7404.0
NT,89,HS 890000,0.0,2187.0,2187.0
NT,82,HS 820000,0.0,1369.0,1369.0
NT,32,HS 320000,0.0,1043.0,1043.0
NT,90,HS 900000,0.0,757.0,757.0
NT,40,HS 400000,0.0,694.0,694.0
NT,38,HS 380000,0.0,274.0,274.0
NT,95,HS 950000,0.0,110.0,110.0
NT,39,HS 390000,0.0,78.0,78.0
NT,65,HS 650000,0.0,69.0,69.0
NT,71,HS 710000,0.0,69.0,69.0
NT,74,HS 740000,0.0,21.0,21.0
NU,27,HS 270000,0.0,388463366.0,388463366.0
NU,88,HS 880000,0.0,79800991.0,79800991.0
NU,90,HS 900000,0.0,8071994.0,8071994.0
NU,25,HS 250000,0.0,4495583.0,4495583.0
NU,28,HS 280000,0.0,4165104.0,4165104.0
NU,99,HS 990000,0.0,2900478.0,2900478.0
NU,86,HS 860000,0.0,1634878.0,1634878.0
NU,85,HS 850000,0.0,321453.0,321453.0
NU,84,HS 840000,0.0,17035.0,17035.0
NU,39,HS 390000,0.0,7158.0,7158.0
NU,48,HS 480000,0.0,2622.0,2622.0
NU,32,HS 320000,0.0,2019.0,2019.0
NU,49,HS 490000,0.0,1271.0,1271.0
NU,73,HS 730000,0.0,1171.0,1171.0
NU,40,HS 400000,0.0,841.0,841.0
NU,89,HS 890000,0.0,800.0,800.0
NU,34,HS 340000,0.0,269.0,269.0
NU,96,HS 960000,0.0,268.0,268.0
ON,87,HS 870000,0.0,252103541133.0,252103541133.0
ON,84,HS 840000,0.0,172353558488.0,172353558488.0
ON,85,HS 850000,0.0,126263500614.0,126263500614.0
ON,71,HS 710000,0.0,84508525757.0,84508525757.0
ON,30,HS 300000,0.0,52047213590.0,52047213590.0
ON,39,HS 390000,0.0,45047746067.0,45047746067.0
ON,90,HS 900000,0.0,37989101418.0,37989101418.0
ON,99,HS 990000,0.0,32955292837.0,32955292837.0
ON,27,HS 270000,0.0,26518923229.0,26518923229.0
ON,73,HS 730000,0.0,20677243817.0,20677243817.0
ON,29,HS 290000,0.0,18932110112.0,18932110112.0
ON,94,HS 940000,0.0,18310876619.0,18310876619.0
ON,72,HS 720000,0.0,17934898658.0,17934898658.0
ON,48,HS 480000,0.0,15088305353.0,15088305353.0
ON,33,HS 330000,0.0,13813798993.0,13813798993.0
ON,38,HS 380000,0.0,12518941150.0,12518941150.0
ON,40,HS 400000,0.0,12280453574.0,12280453574.0
ON,08,HS 080000,0.0,12006047674.0,12006047674.0
ON,88,HS 880000,0.0,11693058320.0,11693058320.0
ON,76,HS 760000,0.0,11690208450.0,11690208450.0
ON,95,HS 950000,0.0,11257058326.0,11257058326.0
ON,19,HS 190000,0.0,11077668343.0,11077668343.0
ON,21,HS 210000,0.0,10997703703.0,10997703703.0
ON,61,HS 610000,0.0,10886469228.0,10886469228.0
ON,22,HS 220000,0.0,9495943584.0,9495943584.0
ON,34,HS 340000,0.0,9109128419.0,9109128419.0
ON,62,HS 620000,0.0,8954266919.0,8954266919.0
ON,02,HS 020000,0.0,8297896525.0,8297896525.0
ON,07,HS 070000,0.0,8050491330.0,8050491330.0
ON,74,HS 740000,0.0,7833803973.0,7833803973.0
ON,83,HS 830000,0.0,7057242573.0,7057242573.0
ON,32,HS 320000,0.0,7054881478.0,7054881478.0
ON,18,HS 180000,0.0,6796035956.0,6796035956.0
ON,20,HS 200000,0.0,6148624043.0,6148624043.0
ON,70,HS 700000,0.0,6104180900.0,6104180900.0
ON,26,HS 260000,0.0,5657442073.0,5657442073.0
ON,23,HS 230000,0.0,5601811507.0,5601811507.0
ON,28,HS 280000,0.0,5486502226.0,5486502226.0
ON,82,HS 820000,0.0,5476698139.0,5476698139.0
ON,64,HS 640000,0.0,5350824388.0,5350824388.0
ON,09,HS 090000,0.0,4975863047.0,4975863047.0
ON,49,HS 490000,0.0,4894167866.0,4894167866.0
ON,44,HS 440000,0.0,4717004888.0,4717004888.0
ON,96,HS 960000,0.0,4678776997.0,4678776997.0
ON,42,HS 420000,0.0,3991828323.0,3991828323.0
ON,68,HS 680000,0.0,3633899382.0,3633899382.0
ON,16,HS 160000,0.0,3480585618.0,3480585618.0
ON,35,HS 350000,0.0,3472502952.0,3472502952.0
ON,17,HS 170000,0.0,3291973402.0,3291973402.0
ON,03,HS 030000,0.0,3172237129.0,3172237129.0
ON,15,HS 150000,0.0,2904561397.0,2904561397.0
ON,63,HS 630000,0.0,2828130884.0,2828130884.0
ON,04,HS 040000,0.0,2713171243.0,2713171243.0
ON,12,HS 120000,0.0,2573500513.0,2573500513.0
ON,69,HS 690000,0.0,2415939223.0,2415939223.0
ON,31,HS 310000,0.0,2247008583.0,2247008583.0
ON,86,HS 860000,0.0,2200843332.0,2200843332.0
ON,91,HS 910000,0.0,2108115657.0,2108115657.0
ON,24,HS 240000,0.0,1856929227.0,1856929227.0
ON,10,HS 100000,0.0,1740993160.0,1740993160.0
ON,56,HS 560000,0.0,1728378850.0,1728378850.0
ON,81,HS 810000,0.0,1614087806.0,1614087806.0
ON,25,HS 250000,0.0,1405941947.0,1405941947.0
ON,57,HS 570000,0.0,1377555384.0,1377555384.0
ON,89,HS 890000,0.0,1370397366.0,1370397366.0
ON,59,HS 590000,0.0,1211018773.0,1211018773.0
ON,06,HS 060000,0.0,1197717947.0,1197717947.0
ON,11,HS 110000,0.0,1062255431.0,1062255431.0
ON,75,HS 750000,0.0,989727929.0,989727929.0
ON,93,HS 930000,0.0,894147688.0,894147688.0
ON,01,HS 010000,0.0,875896207.0,875896207.0
ON,47,HS 470000,0.0,874085936.0,874085936.0
ON,65,HS 650000,0.0,867414008.0,867414008.0
ON,98,HS 980000,0.0,656046559.0,656046559.0
ON,54,HS 540000,0.0,588983358.0,588983358.0
ON,55,HS 550000,0.0,514137740.0,514137740.0
ON,13,HS 130000,0.0,475227979.0,475227979.0
ON,92,HS 920000,0.0,454179700.0,454179700.0
ON,97,HS 970000,0.0,415015809.0,415015809.0
ON,05,HS 050000,0.0,392207965.0,392207965.0
ON,67,HS 670000,0.0,322161623.0,322161623.0
ON,58,HS 580000,0.0,316890697.0,316890697.0
ON,79,HS 790000,0.0,292980145.0,292980145.0
ON,37,HS 370000,0.0,253818113.0,253818113.0
ON,36,HS 360000,0.0,221477572.0,221477572.0
ON,60,HS 600000,0.0,187127118.0,187127118.0
ON,80,HS 800000,0.0,161546718.0,161546718.0
ON,52,HS 520000,0.0,158084904.0,158084904.0
ON,66,HS 660000,0.0,136928081.0,136928081.0
ON,46,HS 460000,0.0,82648389.0,82648389.0
ON,41,HS 410000,0.0,74875756.0,74875756.0
ON,53,HS 530000,0.0,73793985.0,73793985.0
ON,51,HS 510000,0.0,67924531.0,67924531.0
ON,78,HS 780000,0.0,49118880.0,49118880.0
ON,45,HS 450000,0.0,35581443.0,35581443.0
ON,43,HS 430000,0.0,34092560.0,34092560.0
ON,14,HS 140000,0.0,33135066.0,33135066.0
ON,50,HS 500000,0.0,7504775.0,7504775.0
PE,29,HS 290000,0.0,196112589.0,196112589.0
PE,31,HS 310000,0.0,102052897.0,102052897.0
PE,85,HS 850000,0.0,26455163.0,26455163.0
PE,84,HS 840000,0.0,12872765.0,12872765.0
PE,39,HS 390000,0.0,12366537.0,12366537.0
PE,73,HS 730000,0.0,9256882.0,9256882.0
PE,90,HS 900000,0.0,4044699.0,4044699.0
PE,28,HS 280000,0.0,3383335.0,3383335.0
PE,38,HS 380000,0.0,3020445.0,3020445.0
PE,30,HS 300000,0.0,2310050.0,2310050.0
PE,98,HS 980000,0.0,1783274.0,1783274.0
PE,03,HS 030000,0.0,722887.0,722887.0
PE,70,HS 700000,0.0,435951.0,435951.0
PE,40,HS 400000,0.0,227331.0,227331.0
PE,48,HS 480000,0.0,214609.0,214609.0
PE,17,HS 170000,0.0,182890.0,182890.0
PE,88,HS 880000,0.0,179848.0,179848.0
PE,05,HS 050000,0.0,113451.0,113451.0
PE,21,HS 210000,0.0,112134.0,112134.0
PE,51,HS 510000,0.0,94744.0,94744.0
PE,87,HS 870000,0.0,83403.0,83403.0
PE,75,HS 750000,0.0,81104.0,81104.0
PE,34,HS 340000,0.0,79823.0,79823.0
PE,76,HS 760000,0.0,56452.0,56452.0
PE,59,HS 590000,0.0,49005.0,49005.0
PE,83,HS 830000,0.0,47495.0,47495.0
PE,35,HS 350000,0.0,43829.0,43829.0
PE,49,HS 490000,0.0,42654.0,42654.0
PE,18,HS 180000,0.0,36680.0,36680.0
PE,22,HS 220000,0.0,35822.0,35822.0
PE,82,HS 820000,0.0,30899.0,30899.0
PE,42,HS 420000,0.0,22991.0,22991.0
PE,27,HS 270000,0.0,21609.0,21609.0
PE,96,HS 960000,0.0,13056.0,13056.0
PE,06,HS 060000,0.0,12877.0,12877.0
PE,94,HS 940000,0.0,9567.0,9567.0
PE,44,HS 440000,0.0,7982.0,7982.0
PE,62,HS 620000,0.0,3446.0,3446.0
PE,63,HS 630000,0.0,2864.0,2864.0
PE,97,HS 970000,0.0,1200.0,1200.0
PE,74,HS 740000,0.0,1099.0,1099.0
PE,95,HS 950000,0.0,1023.0,1023.0
PE,86,HS 860000,0.0,1012.0,1012.0
PE,61,HS 610000,0.0,986.0,986.0
PE,19,HS 190000,0.0,896.0,896.0
PE,69,HS 690000,0.0,615.0,615.0
PE,07,HS 070000,0.0,327.0,327.0
PE,20,HS 200000,0.0,250.0,250.0
PE,25,HS 250000,0.0,241.0,241.0
PE,32,HS 320000,0.0,202.0,202.0
PE,68,HS 680000,0.0,130.0,130.0
QC,84,HS 840000,0.0,47952578799.0,47952578799.0
QC,27,HS 270000,0.0,27681639497.0,27681639497.0
QC,85,HS 850000,0.0,24126912898.0,24126912898.0
QC,30,HS 300000,0.0,15042060400.0,15042060400.0
QC,88,HS 880000,0.0,14260172181.0,14260172181.0
QC,87,HS 870000,0.0,13347215264.0,13347215264.0
QC,28,HS 280000,0.0,9347372784.0,9347372784.0
QC,90,HS 900000,0.0,8078342340.0,8078342340.0
QC,39,HS 390000,0.0,7585047939.0,7585047939.0
QC,74,HS 740000,0.0,7561440309.0,7561440309.0
QC,40,HS 400000,0.0,5926087006.0,5926087006.0
QC,71,HS 710000,0.0,5613934603.0,5613934603.0
QC,94,HS 940000,0.0,5483279002.0,5483279002.0
QC,22,HS 220000,0.0,5394787408.0,5394787408.0
QC,18,HS 180000,0.0,5270311418.0,5270311418.0
QC,73,HS 730000,0.0,4907420703.0,4907420703.0
QC,99,HS 990000,0.0,4550917178.0,4550917178.0
QC,26,HS 260000,0.0,4332833673.0,4332833673.0
QC,72,HS 720000,0.0,4214450042.0,4214450042.0
QC,61,HS 610000,0.0,4114822355.0,4114822355.0
QC,76,HS 760000,0.0,3646267311.0,3646267311.0
QC,48,HS 480000,0.0,3590911687.0,3590911687.0
QC,62,HS 620000,0.0,3366384143.0,3366384143.0
QC,09,HS 090000,0.0,3126108913.0,3126108913.0
QC,08,HS 080000,0.0,2908334686.0,2908334686.0
QC,29,HS 290000,0.0,2851095084.0,2851095084.0
QC,33,HS 330000,0.0,2179340674.0,2179340674.0
QC,44,HS 440000,0.0,2147206029.0,2147206029.0
QC,38,HS 380000,0.0,2123847606.0,2123847606.0
QC,17,HS 170000,0.0,1984968609.0,1984968609.0
QC,20,HS 200000,0.0,1883690991.0,1883690991.0
QC,95,HS 950000,0.0,1721750792.0,1721750792.0
QC,83,HS 830000,0.0,1632259951.0,1632259951.0
QC,64,HS 640000,0.0,1551122226.0,1551122226.0
QC,31,HS 310000,0.0,1480236105.0,1480236105.0
QC,03,HS 030000,0.0,1464196466.0,1464196466.0
QC,02,HS 020000,0.0,1442068696.0,1442068696.0
QC,19,HS 190000,0.0,1415112817.0,1415112817.0
QC,15,HS 150000,0.0,1325531916.0,1325531916.0
QC,42,HS 420000,0.0,1249902578.0,1249902578.0
QC,04,HS 040000,0.0,1233490133.0,1233490133.0
QC,70,HS 700000,0.0,1192313660.0,1192313660.0
QC,75,HS 750000,0.0,1144135742.0,1144135742.0
QC,86,HS 860000,0.0,1069428159.0,1069428159.0
QC,32,HS 320000,0.0,982823047.0,982823047.0
QC,63,HS 630000,0.0,958354026.0,958354026.0
QC,21,HS 210000,0.0,920139256.0,920139256.0
QC,68,HS 680000,0.0,886431721.0,886431721.0
QC,82,HS 820000,0.0,855143126.0,855143126.0
QC,69,HS 690000,0.0,821553435.0,821553435.0
QC,07,HS 070000,0.0,811481252.0,811481252.0
QC,81,HS 810000,0.0,792645384.0,792645384.0
QC,47,HS 470000,0.0,745082896.0,745082896.0
QC,49,HS 490000,0.0,718361443.0,718361443.0
QC,23,HS 230000,0.0,711417798.0,711417798.0
QC,25,HS 250000,0.0,643008094.0,643008094.0
QC,34,HS 340000,0.0,641368038.0,641368038.0
QC,16,HS 160000,0.0,572398803.0,572398803.0
QC,35,HS 350000,0.0,543383580.0,543383580.0
QC,54,HS 540000,0.0,505876700.0,505876700.0
QC,89,HS 890000,0.0,500979843.0,500979843.0
QC,12,HS 120000,0.0,488406123.0,488406123.0
QC,56,HS 560000,0.0,418394467.0,418394467.0
QC,96,HS 960000,0.0,413885513.0,413885513.0
QC,36,HS 360000,0.0,381635558.0,381635558.0
QC,55,HS 550000,0.0,369338341.0,369338341.0
QC,93,HS 930000,0.0,368468730.0,368468730.0
QC,59,HS 590000,0.0,300382173.0,300382173.0
QC,65,HS 650000,0.0,295102538.0,295102538.0
QC,01,HS 010000,0.0,289372004.0,289372004.0
QC,06,HS 060000,0.0,258655479.0,258655479.0
QC,10,HS 100000,0.0,231944236.0,231944236.0
QC,97,HS 970000,0.0,225822250.0,225822250.0
QC,57,HS 570000,0.0,222386737.0,222386737.0
QC,60,HS 600000,0.0,186021919.0,186021919.0
QC,98,HS 980000,0.0,183873014.0,183873014.0
QC,80,HS 800000,0.0,179135970.0,179135970.0
QC,51,HS 510000,0.0,171561948.0,171561948.0
QC,24,HS 240000,0.0,158595884.0,158595884.0
QC,91,HS 910000,0.0,146327906.0,146327906.0
QC,13,HS 130000,0.0,119076093.0,119076093.0
QC,11,HS 110000,0.0,118341366.0,118341366.0
QC,41,HS 410000,0.0,109236798.0,109236798.0
QC,79,HS 790000,0.0,97968725.0,97968725.0
QC,05,HS 050000,0.0,94904772.0,94904772.0
QC,52,HS 520000,0.0,91471547.0,91471547.0
QC,92,HS 920000,0.0,77114741.0,77114741.0
QC,58,HS 580000,0.0,73135664.0,73135664.0
QC,66,HS 660000,0.0,44879732.0,44879732.0
QC,67,HS 670000,0.0,43550236.0,43550236.0
QC,53,HS 530000,0.0,27107945.0,27107945.0
QC,78,HS 780000,0.0,22351722.0,22351722.0
QC,46,HS 460000,0.0,20235879.0,20235879.0
QC,43,HS 430000,0.0,17824490.0,17824490.0
QC,37,HS 370000,0.0,15710817.0,15710817.0
QC,45,HS 450000,0.0,13412156.0,13412156.0
QC,14,HS 140000,0.0,4749673.0,4749673.0
QC,50,HS 500000,0.0,4007298.0,4007298.0
SK,84,HS 840000,0.0,14132427860.0,14132427860.0
SK,87,HS 870000,0.0,7221349071.0,7221349071.0
SK,27,HS 270000,0.0,3923868717.0,3923868717.0
SK,38,HS 380000,0.0,2519877410.0,2519877410.0
SK,85,HS 850000,0.0,2487518479.0,2487518479.0
SK,39,HS 390000,0.0,1600047166.0,1600047166.0
SK,31,HS 310000,0.0,1545402596.0,1545402596.0
SK,73,HS 730000,0.0,1542236723.0,1542236723.0
SK,40,HS 400000,0.0,811528373.0,811528373.0
SK,10,HS 100000,0.0,608201092.0,608201092.0
SK,23,HS 230000,0.0,575982698.0,575982698.0
SK,29,HS 290000,0.0,539654356.0,539654356.0
SK,34,HS 340000,0.0,496144356.0,496144356.0
SK,72,HS 720000,0.0,458155376.0,458155376.0
SK,90,HS 900000,0.0,439769894.0,439769894.0
SK,94,HS 940000,0.0,424350378.0,424350378.0
SK,95,HS 950000,0.0,347151753.0,347151753.0
SK,01,HS 010000,0.0,320811154.0,320811154.0
SK,16,HS 160000,0.0,314994527.0,314994527.0
SK,19,HS 190000,0.0,300666045.0,300666045.0
SK,07,HS 070000,0.0,285646045.0,285646045.0
SK,33,HS 330000,0.0,263490199.0,263490199.0
SK,86,HS 860000,0.0,247926302.0,247926302.0
SK,48,HS 480000,0.0,238163991.0,238163991.0
SK,88,HS 880000,0.0,233683591.0,233683591.0
SK,89,HS 890000,0.0,232036997.0,232036997.0
SK,21,HS 210000,0.0,231923147.0,231923147.0
SK,76,HS 760000,0.0,223620824.0,223620824.0
SK,28,HS 280000,0.0,201974569.0,201974569.0
SK,02,HS 020000,0.0,177560383.0,177560383.0
SK,68,HS 680000,0.0,162581910.0,162581910.0
SK,12,HS 120000,0.0,155887748.0,155887748.0
SK,32,HS 320000,0.0,147913728.0,147913728.0
SK,49,HS 490000,0.0,147037616.0,147037616.0
SK,83,HS 830000,0.0,145093404.0,145093404.0
SK,08,HS 080000,0.0,137108987.0,137108987.0
SK,15,HS 150000,0.0,135470147.0,135470147.0
SK,44,HS 440000,0.0,130307829.0,130307829.0
SK,20,HS 200000,0.0,108873830.0,108873830.0
SK,70,HS 700000,0.0,105892016.0,105892016.0
SK,30,HS 300000,0.0,103296483.0,103296483.0
SK,25,HS 250000,0.0,101600879.0,101600879.0
SK,82,HS 820000,0.0,101141317.0,101141317.0
SK,22,HS 220000,0.0,86084291.0,86084291.0
SK,99,HS 990000,0.0,76841834.0,76841834.0
SK,35,HS 350000,0.0,73021741.0,73021741.0
SK,56,HS 560000,0.0,66540059.0,66540059.0
SK,62,HS 620000,0.0,57604645.0,57604645.0
SK,63,HS 630000,0.0,57235700.0,57235700.0
SK,69,HS 690000,0.0,53717463.0,53717463.0
SK,36,HS 360000,0.0,53709821.0,53709821.0
SK,18,HS 180000,0.0,50323554.0,50323554.0
SK,59,HS 590000,0.0,49127174.0,49127174.0
SK,74,HS 740000,0.0,45905293.0,45905293.0
SK,17,HS 170000,0.0,42998697.0,42998697.0
SK,06,HS 060000,0.0,36979144.0,36979144.0
SK,96,HS 960000,0.0,36875830.0,36875830.0
SK,54,HS 540000,0.0,36262562.0,36262562.0
SK,75,HS 750000,0.0,35750403.0,35750403.0
SK,04,HS 040000,0.0,35244343.0,35244343.0
SK,09,HS 090000,0.0,32530051.0,32530051.0
SK,61,HS 610000,0.0,32262723.0,32262723.0
SK,11,HS 110000,0.0,30544341.0,30544341.0
SK,13,HS 130000,0.0,27970838.0,27970838.0
SK,03,HS 030000,0.0,22013851.0,22013851.0
SK,81,HS 810000,0.0,21453280.0,21453280.0
SK,64,HS 640000,0.0,18705754.0,18705754.0
SK,93,HS 930000,0.0,17921786.0,17921786.0
SK,42,HS 420000,0.0,17409054.0,17409054.0
SK,57,HS 570000,0.0,17115550.0,17115550.0
SK,60,HS 600000,0.0,16681711.0,16681711.0
SK,05,HS 050000,0.0,15780412.0,15780412.0
SK,65,HS 650000,0.0,12673286.0,12673286.0
SK,98,HS 980000,0.0,11010125.0,11010125.0
SK,26,HS 260000,0.0,10798123.0,10798123.0
SK,92,HS 920000,0.0,7594777.0,7594777.0
SK,71,HS 710000,0.0,5634090.0,5634090.0
SK,55,HS 550000,0.0,4863360.0,4863360.0
SK,47,HS 470000,0.0,3239161.0,3239161.0
SK,67,HS 670000,0.0,2413124.0,2413124.0
SK,58,HS 580000,0.0,2150737.0,2150737.0
SK,97,HS 970000,0.0,1770006.0,1770006.0
SK,14,HS 140000,0.0,1594040.0,1594040.0
SK,79,HS 790000,0.0,995864.0,995864.0
SK,46,HS 460000,0.0,931173.0,931173.0
SK,91,HS 910000,0.0,877757.0,877757.0
SK,52,HS 520000,0.0,754814.0,754814.0
SK,78,HS 780000,0.0,509554.0,509554.0
SK,41,HS 410000,0.0,391533.0,391533.0
SK,53,HS 530000,0.0,315111.0,315111.0
SK,66,HS 660000,0.0,296320.0,296320.0
SK,24,HS 240000,0.0,225849.0,225849.0
SK,45,HS 450000,0.0,213186.0,213186.0
SK,51,HS 510000,0.0,205260.0,205260.0
SK,37,HS 370000,0.0,183822.0,183822.0
SK,80,HS 800000,0.0,169974.0,169974.0
SK,43,HS 430000,0.0,65802.0,65802.0
SK,50,HS 500000,0.0,20695.0,20695.0
YT,03,HS 030000,0.0,96807148.0,96807148.0
YT,84,HS 840000,0.0,74208937.0,74208937.0
YT,90,HS 900000,0.0,20277257.0,20277257.0
YT,88,HS 880000,0.0,13996349.0,13996349.0
YT,87,HS 870000,0.0,10517125.0,10517125.0
YT,85,HS 850000,0.0,3688535.0,3688535.0
YT,73,HS 730000,0.0,1108382.0,1108382.0
YT,72,HS 720000,0.0,1035156.0,1035156.0
YT,01,HS 010000,0.0,485293.0,485293.0
YT,82,HS 820000,0.0,431350.0,431350.0
YT,34,HS 340000,0.0,361336.0,361336.0
YT,05,HS 050000,0.0,323755.0,323755.0
YT,89,HS 890000,0.0,316378.0,316378.0
YT,36,HS 360000,0.0,265457.0,265457.0
YT,38,HS 380000,0.0,197372.0,197372.0
YT,63,HS 630000,0.0,183383.0,183383.0
YT,28,HS 280000,0.0,152037.0,152037.0
YT,40,HS 400000,0.0,148740.0,148740.0
YT,29,HS 290000,0.0,137501.0,137501.0
YT,27,HS 270000,0.0,129606.0,129606.0
YT,39,HS 390000,0.0,108542.0,108542.0
YT,94,HS 940000,0.0,80467.0,80467.0
YT,35,HS 350000,0.0,78141.0,78141.0
YT,76,HS 760000,0.0,77471.0,77471.0
YT,86,HS 860000,0.0,77341.0,77341.0
YT,31,HS 310000,0.0,57186.0,57186.0
YT,13,HS 130000,0.0,55279.0,55279.0
YT,83,HS 830000,0.0,54692.0,54692.0
YT,25,HS 250000,0.0,40579.0,40579.0
YT,32,HS 320000,0.0,39934.0,39934.0
YT,12,HS 120000,0.0,39854.0,39854.0
YT,98,HS 980000,0.0,15366.0,15366.0
YT,26,HS 260000,0.0,14451.0,14451.0
YT,44,HS 440000,0.0,11787.0,11787.0
YT,48,HS 480000,0.0,8344.0,8344.0
YT,91,HS 910000,0.0,6667.0,6667.0
YT,64,HS 640000,0.0,3809.0,3809.0
YT,95,HS 950000,0.0,2942.0,2942.0
YT,70,HS 700000,0.0,1842.0,1842.0
YT,42,HS 420000,0.0,1633.0,1633.0
YT,69,HS 690000,0.0,1532.0,1532.0
YT,68,HS 680000,0.0,1201.0,1201.0
YT,55,HS 550000,0.0,1022.0,1022.0
YT,96,HS 960000,0.0,486.0,486.0
YT,61,HS 610000,0.0,335.0,335.0
YT,22,HS 220000,0.0,84.0,84.0
YT,56,HS 560000,0.0,68.0,68.0
YT,65,HS 650000,0.0,56.0,56.0
YT,49,HS 490000,0.0,33.0,33.0
YT,58,HS 580000,0.0,28.0,28.0
YT,62,HS 620000,0.0,28.0,28.0
YT,74,HS 740000,0.0,7.0,7.0
YT,57,HS 570000,0.0,1.0,1.0
