date,province,exports,imports,total
2024-01,AB,0.0,2972610846.0,2972610846.0
2024-02,AB,0.0,3294346182.0,3294346182.0
2024-03,AB,0.0,3344270551.0,3344270551.0
2024-04,AB,0.0,3483025382.0,3483025382.0
2024-05,AB,0.0,3616056505.0,3616056505.0
2024-06,AB,0.0,3338080908.0,3338080908.0
2024-07,AB,0.0,3306154899.0,3306154899.0
2024-08,AB,0.0,3457114910.0,3457114910.0
2024-09,AB,0.0,3336931170.0,3336931170.0
2024-10,AB,0.0,3365646206.0,3365646206.0
2024-11,AB,0.0,3688797919.0,3688797919.0
2024-12,AB,0.0,3324844767.0,3324844767.0
2025-01,AB,0.0,3580951448.0,3580951448.0
2025-02,AB,0.0,3468166779.0,3468166779.0
2025-03,AB,0.0,3638383704.0,3638383704.0
2025-04,AB,0.0,3376146049.0,3376146049.0
2025-05,AB,0.0,3404859677.0,3404859677.0
2025-06,AB,0.0,3324493553.0,3324493553.0
2025-07,AB,0.0,3175341138.0,3175341138.0
2025-08,AB,0.0,3295795279.0,3295795279.0
2025-09,AB,0.0,3375832397.0,3375832397.0
2025-10,AB,0.0,3083396161.0,3083396161.0
2025-11,AB,0.0,2789726476.0,2789726476.0
2025-12,AB,0.0,2666327628.0,2666327628.0
2026-01,AB,0.0,2730099665.0,2730099665.0
2026-02,AB,0.0,2658569132.0,2658569132.0
2026-03,AB,0.0,3036333121.0,3036333121.0
2026-04,AB,0.0,3315083804.0,3315083804.0
2026-05,AB,0.0,3133081620.0,3133081620.0
2026-06,AB,0.0,3151105942.0,3151105942.0
2026-07,AB,0.0,3236112050.0,3236112050.0
2024-01,BC,0.0,5561108527.0,5561108527.0
2024-02,BC,0.0,6204665894.0,6204665894.0
2024-03,BC,0.0,6096085506.0,6096085506.0
2024-04,BC,0.0,6105377848.0,6105377848.0
2024-05,BC,0.0,6364804544.0,6364804544.0
2024-06,BC,0.0,5869489493.0,5869489493.0
2024-07,BC,0.0,6625058846.0,6625058846.0
2024-08,BC,0.0,7066638929.0,7066638929.0
2024-09,BC,0.0,6384645853.0,6384645853.0
2024-10,BC,0.0,6605445979.0,6605445979.0
2024-11,BC,0.0,5744199753.0,5744199753.0
2024-12,BC,0.0,5770207703.0,5770207703.0
2025-01,BC,0.0,6524289149.0,6524289149.0
2025-02,BC,0.0,5655482741.0,5655482741.0
2025-03,BC,0.0,6764258251.0,6764258251.0
2025-04,BC,0.0,6379264052.0,6379264052.0
2025-05,BC,0.0,6306757813.0,6306757813.0
2025-06,BC,0.0,6291720790.0,6291720790.0
2025-07,BC,0.0,6543621266.0,6543621266.0
2025-08,BC,0.0,6482257131.0,6482257131.0
2025-09,BC,0.0,6282182184.0,6282182184.0
2025-10,BC,0.0,6522391003.0,6522391003.0
2025-11,BC,0.0,6132866818.0,6132866818.0
2025-12,BC,0.0,6300016169.0,6300016169.0
2026-01,BC,0.0,6389118877.0,6389118877.0
2026-02,BC,0.0,6038441740.0,6038441740.0
2026-03,BC,0.0,7241303527.0,7241303527.0
2026-04,BC,0.0,6228064564.0,6228064564.0
2026-05,BC,0.0,6874298855.0,6874298855.0
2026-06,BC,0.0,6872698293.0,6872698293.0
2026-07,BC,0.0,7970455395.0,7970455395.0
2024-01,MB,0.0,2390718209.0,2390718209.0
2024-02,MB,0.0,2564479124.0,2564479124.0
2024-03,MB,0.0,2875680913.0,2875680913.0
2024-04,MB,0.0,2824945141.0,2824945141.0
2024-05,MB,0.0,2834821487.0,2834821487.0
2024-06,MB,0.0,2617707122.0,2617707122.0
2024-07,MB,0.0,2327241101.0,2327241101.0
2024-08,MB,0.0,2640431326.0,2640431326.0
2024-09,MB,0.0,2456829437.0,2456829437.0
2024-10,MB,0.0,2661889387.0,2661889387.0
2024-11,MB,0.0,2499178307.0,2499178307.0
2024-12,MB,0.0,2407016601.0,2407016601.0
2025-01,MB,0.0,2529736757.0,2529736757.0
2025-02,MB,0.0,2679158573.0,2679158573.0
2025-03,MB,0.0,3463559836.0,3463559836.0
2025-04,MB,0.0,2673034086.0,2673034086.0
2025-05,MB,0.0,2665094676.0,2665094676.0
2025-06,MB,0.0,2484020581.0,2484020581.0
2025-07,MB,0.0,2426778227.0,2426778227.0
2025-08,MB,0.0,2627585665.0,2627585665.0
2025-09,MB,0.0,2382541597.0,2382541597.0
2025-10,MB,0.0,2825270657.0,2825270657.0
2025-11,MB,0.0,2480018515.0,2480018515.0
2025-12,MB,0.0,2639700002.0,2639700002.0
2026-01,MB,0.0,2437365143.0,2437365143.0
2026-02,MB,0.0,2788313631.0,2788313631.0
2026-03,MB,0.0,3077424025.0,3077424025.0
2026-04,MB,0.0,3221656975.0,3221656975.0
2026-05,MB,0.0,3286407521.0,3286407521.0
2026-06,MB,0.0,3185430867.0,3185430867.0
2026-07,MB,0.0,3021970094.0,3021970094.0
2024-01,NB,0.0,1314723871.0,1314723871.0
2024-02,NB,0.0,1473525660.0,1473525660.0
2024-03,NB,0.0,1312400147.0,1312400147.0
2024-04,NB,0.0,1472906039.0,1472906039.0
2024-05,NB,0.0,1340882842.0,1340882842.0
2024-06,NB,0.0,1390871090.0,1390871090.0
2024-07,NB,0.0,1780438615.0,1780438615.0
2024-08,NB,0.0,1473202258.0,1473202258.0
2024-09,NB,0.0,1278689451.0,1278689451.0
2024-10,NB,0.0,1630091554.0,1630091554.0
2024-11,NB,0.0,1313944349.0,1313944349.0
2024-12,NB,0.0,1431635035.0,1431635035.0
2025-01,NB,0.0,1229060496.0,1229060496.0
2025-02,NB,0.0,1545439943.0,1545439943.0
2025-03,NB,0.0,1543610538.0,1543610538.0
2025-04,NB,0.0,1227024431.0,1227024431.0
2025-05,NB,0.0,1186768703.0,1186768703.0
2025-06,NB,0.0,1174155920.0,1174155920.0
2025-07,NB,0.0,1411877527.0,1411877527.0
2025-08,NB,0.0,1147291213.0,1147291213.0
2025-09,NB,0.0,1120191033.0,1120191033.0
2025-10,NB,0.0,1256270914.0,1256270914.0
2025-11,NB,0.0,989469017.0,989469017.0
2025-12,NB,0.0,1410581212.0,1410581212.0
2026-01,NB,0.0,1216450512.0,1216450512.0
2026-02,NB,0.0,1705285035.0,1705285035.0
2026-03,NB,0.0,1671644795.0,1671644795.0
2026-04,NB,0.0,1722571636.0,1722571636.0
2026-05,NB,0.0,1739312378.0,1739312378.0
2026-06,NB,0.0,1888584388.0,1888584388.0
2026-07,NB,0.0,1676876049.0,1676876049.0
2024-01,NL,0.0,179622577.0,179622577.0
2024-02,NL,0.0,129794171.0,129794171.0
2024-03,NL,0.0,144675513.0,144675513.0
2024-04,NL,0.0,213879864.0,213879864.0
2024-05,NL,0.0,230002315.0,230002315.0
2024-06,NL,0.0,423360588.0,423360588.0
2024-07,NL,0.0,276964525.0,276964525.0
2024-08,NL,0.0,338462251.0,338462251.0
2024-09,NL,0.0,261876216.0,261876216.0
2024-10,NL,0.0,289774339.0,289774339.0
2024-11,NL,0.0,809934712.0,809934712.0
2024-12,NL,0.0,396117520.0,396117520.0
2025-01,NL,0.0,142135342.0,142135342.0
2025-02,NL,0.0,84300032.0,84300032.0
2025-03,NL,0.0,182946085.0,182946085.0
2025-04,NL,0.0,201861386.0,201861386.0
2025-05,NL,0.0,196348503.0,196348503.0
2025-06,NL,0.0,2330624544.0,2330624544.0
2025-07,NL,0.0,193304704.0,193304704.0
2025-08,NL,0.0,245385364.0,245385364.0
2025-09,NL,0.0,242082666.0,242082666.0
2025-10,NL,0.0,271297126.0,271297126.0
2025-11,NL,0.0,217228741.0,217228741.0
2025-12,NL,0.0,151399616.0,151399616.0
2026-01,NL,0.0,163061660.0,163061660.0
2026-02,NL,0.0,233885122.0,233885122.0
2026-03,NL,0.0,375737468.0,375737468.0
2026-04,NL,0.0,240213060.0,240213060.0
2026-05,NL,0.0,291863125.0,291863125.0
2026-06,NL,0.0,391053663.0,391053663.0
2026-07,NL,0.0,248087955.0,248087955.0
2024-01,NS,0.0,681320166.0,681320166.0
2024-02,NS,0.0,909822860.0,909822860.0
2024-03,NS,0.0,933729345.0,933729345.0
2024-04,NS,0.0,1382342160.0,1382342160.0
2024-05,NS,0.0,1027174506.0,1027174506.0
2024-06,NS,0.0,1000679701.0,1000679701.0
2024-07,NS,0.0,1058808048.0,1058808048.0
2024-08,NS,0.0,815038604.0,815038604.0
2024-09,NS,0.0,791572937.0,791572937.0
2024-10,NS,0.0,1122771098.0,1122771098.0
2024-11,NS,0.0,1002932659.0,1002932659.0
2024-12,NS,0.0,942780411.0,942780411.0
2025-01,NS,0.0,915873391.0,915873391.0
2025-02,NS,0.0,898327113.0,898327113.0
2025-03,NS,0.0,996506259.0,996506259.0
2025-04,NS,0.0,1212975324.0,1212975324.0
2025-05,NS,0.0,980615837.0,980615837.0
2025-06,NS,0.0,991418320.0,991418320.0
2025-07,NS,0.0,1114233109.0,1114233109.0
2025-08,NS,0.0,744566909.0,744566909.0
2025-09,NS,0.0,1004875031.0,1004875031.0
2025-10,NS,0.0,835520903.0,835520903.0
2025-11,NS,0.0,959470906.0,959470906.0
2025-12,NS,0.0,1198505828.0,1198505828.0
2026-01,NS,0.0,696145493.0,696145493.0
2026-02,NS,0.0,947967521.0,947967521.0
2026-03,NS,0.0,1412866926.0,1412866926.0
2026-04,NS,0.0,1038479807.0,1038479807.0
2026-05,NS,0.0,1320667008.0,1320667008.0
2026-06,NS,0.0,1356250566.0,1356250566.0
2026-07,NS,0.0,1417786233.0,1417786233.0
2024-03,NT,0.0,320706.0,320706.0
2024-04,NT,0.0,940.0,940.0
2024-05,NT,0.0,9151.0,9151.0
2024-06,NT,0.0,10261.0,10261.0
2024-08,NT,0.0,39499305.0,39499305.0
2024-09,NT,0.0,42877714.0,42877714.0
2025-02,NT,0.0,4924.0,4924.0
2025-04,NT,0.0,198421.0,198421.0
2025-09,NT,0.0,44539986.0,44539986.0
2025-12,NT,0.0,3096402.0,3096402.0
2026-04,NT,0.0,37761.0,37761.0
2024-02,NU,0.0,644166.0,644166.0
2024-04,NU,0.0,353867.0,353867.0
2024-06,NU,0.0,79557.0,79557.0
2024-07,NU,0.0,4659113.0,4659113.0
2024-08,NU,0.0,9874665.0,9874665.0
2024-10,NU,0.0,60400030.0,60400030.0
2024-11,NU,0.0,5128179.0,5128179.0
2024-12,NU,0.0,5368701.0,5368701.0
2025-03,NU,0.0,3600.0,3600.0
2025-05,NU,0.0,264560.0,264560.0
2025-07,NU,0.0,40648323.0,40648323.0
2025-08,NU,0.0,83670535.0,83670535.0
2025-09,NU,0.0,113295462.0,113295462.0
2025-11,NU,0.0,336665.0,336665.0
2025-12,NU,0.0,7045728.0,7045728.0
2026-02,NU,0.0,17140.0,17140.0
2026-03,NU,0.0,7687375.0,7687375.0
2026-04,NU,0.0,325365.0,325365.0
2026-05,NU,0.0,23916536.0,23916536.0
2026-07,NU,0.0,126167734.0,126167734.0
2024-01,ON,0.0,33861665831.0,33861665831.0
2024-02,ON,0.0,35817906525.0,35817906525.0
2024-03,ON,0.0,39907972642.0,39907972642.0
2024-04,ON,0.0,39513377545.0,39513377545.0
2024-05,ON,0.0,39776940407.0,39776940407.0
2024-06,ON,0.0,39845850368.0,39845850368.0
2024-07,ON,0.0,37831993300.0,37831993300.0
2024-08,ON,0.0,40112546352.0,40112546352.0
2024-09,ON,0.0,39892646355.0,39892646355.0
2024-10,ON,0.0,41594372312.0,41594372312.0
2024-11,ON,0.0,39148603707.0,39148603707.0
2024-12,ON,0.0,37410899473.0,37410899473.0
2025-01,ON,0.0,37562183823.0,37562183823.0
2025-02,ON,0.0,37371817548.0,37371817548.0
2025-03,ON,0.0,43455244291.0,43455244291.0
2025-04,ON,0.0,40002670609.0,40002670609.0
2025-05,ON,0.0,41645840231.0,41645840231.0
2025-06,ON,0.0,39203398644.0,39203398644.0
2025-07,ON,0.0,39326861980.0,39326861980.0
2025-08,ON,0.0,40219854385.0,40219854385.0
2025-09,ON,0.0,38551171690.0,38551171690.0
2025-10,ON,0.0,43261651806.0,43261651806.0
2025-11,ON,0.0,38683784996.0,38683784996.0
2025-12,ON,0.0,38030858391.0,38030858391.0
2026-01,ON,0.0,35961098238.0,35961098238.0
2026-02,ON,0.0,39327848795.0,39327848795.0
2026-03,ON,0.0,45080238019.0,45080238019.0
2026-04,ON,0.0,43482215104.0,43482215104.0
2026-05,ON,0.0,43199144706.0,43199144706.0
2026-06,ON,0.0,45228372924.0,45228372924.0
2026-07,ON,0.0,42491136050.0,42491136050.0
2024-01,PE,0.0,789482.0,789482.0
2024-02,PE,0.0,1468336.0,1468336.0
2024-03,PE,0.0,619547.0,619547.0
2024-04,PE,0.0,256494.0,256494.0
2024-05,PE,0.0,400314.0,400314.0
2024-06,PE,0.0,472550.0,472550.0
2024-07,PE,0.0,474849.0,474849.0
2024-08,PE,0.0,947593.0,947593.0
2024-09,PE,0.0,2261489.0,2261489.0
2024-10,PE,0.0,8570440.0,8570440.0
2024-11,PE,0.0,35500441.0,35500441.0
2024-12,PE,0.0,18255715.0,18255715.0
2025-01,PE,0.0,2751647.0,2751647.0
2025-02,PE,0.0,4943314.0,4943314.0
2025-03,PE,0.0,1582680.0,1582680.0
2025-04,PE,0.0,1303201.0,1303201.0
2025-05,PE,0.0,16947828.0,16947828.0
2025-06,PE,0.0,35131155.0,35131155.0
2025-07,PE,0.0,2253743.0,2253743.0
2025-08,PE,0.0,14702069.0,14702069.0
2025-09,PE,0.0,26964215.0,26964215.0
2025-10,PE,0.0,4336287.0,4336287.0
2025-11,PE,0.0,45553679.0,45553679.0
2025-12,PE,0.0,41726416.0,41726416.0
2026-01,PE,0.0,5600889.0,5600889.0
2026-02,PE,0.0,15049393.0,15049393.0
2026-03,PE,0.0,19880205.0,19880205.0
2026-04,PE,0.0,21069417.0,21069417.0
2026-05,PE,0.0,13963828.0,13963828.0
2026-06,PE,0.0,16802074.0,16802074.0
2026-07,PE,0.0,16052730.0,16052730.0
2024-01,QC,0.0,8081267576.0,8081267576.0
2024-02,QC,0.0,8119621151.0,8119621151.0
2024-03,QC,0.0,8492352025.0,8492352025.0
2024-04,QC,0.0,9141526396.0,9141526396.0
2024-05,QC,0.0,9507578667.0,9507578667.0
2024-06,QC,0.0,9259857055.0,9259857055.0
2024-07,QC,0.0,9363340047.0,9363340047.0
2024-08,QC,0.0,9324844159.0,9324844159.0
2024-09,QC,0.0,8798916405.0,8798916405.0
2024-10,QC,0.0,9488230251.0,9488230251.0
2024-11,QC,0.0,8634609846.0,8634609846.0
2024-12,QC,0.0,8830557882.0,8830557882.0
2025-01,QC,0.0,9122279060.0,9122279060.0
2025-02,QC,0.0,9003975563.0,9003975563.0
2025-03,QC,0.0,10474130269.0,10474130269.0
2025-04,QC,0.0,10016028526.0,10016028526.0
2025-05,QC,0.0,9908347859.0,9908347859.0
2025-06,QC,0.0,10398301007.0,10398301007.0
2025-07,QC,0.0,10108003328.0,10108003328.0
2025-08,QC,0.0,9325335778.0,9325335778.0
2025-09,QC,0.0,9220178239.0,9220178239.0
2025-10,QC,0.0,9562478005.0,9562478005.0
2025-11,QC,0.0,9548087774.0,9548087774.0
2025-12,QC,0.0,8448480830.0,8448480830.0
2026-01,QC,0.0,8666916027.0,8666916027.0
2026-02,QC,0.0,9168027845.0,9168027845.0
2026-03,QC,0.0,10317920986.0,10317920986.0
2026-04,QC,0.0,10079754199.0,10079754199.0
2026-05,QC,0.0,10951581010.0,10951581010.0
2026-06,QC,0.0,9898044390.0,9898044390.0
2026-07,QC,0.0,10155597504.0,10155597504.0
2024-01,SK,0.0,1214317093.0,1214317093.0
2024-02,SK,0.0,1331367475.0,1331367475.0
2024-03,SK,0.0,1646866376.0,1646866376.0
2024-04,SK,0.0,1458222711.0,1458222711.0
2024-05,SK,0.0,1482695750.0,1482695750.0
2024-06,SK,0.0,1455885444.0,1455885444.0
2024-07,SK,0.0,1351653384.0,1351653384.0
2024-08,SK,0.0,1408455201.0,1408455201.0
2024-09,SK,0.0,1311378209.0,1311378209.0
2024-10,SK,0.0,1329730899.0,1329730899.0
2024-11,SK,0.0,1321973573.0,1321973573.0
2024-12,SK,0.0,1297197801.0,1297197801.0
2025-01,SK,0.0,1316836031.0,1316836031.0
2025-02,SK,0.0,1482512694.0,1482512694.0
2025-03,SK,0.0,1938361603.0,1938361603.0
2025-04,SK,0.0,1313130264.0,1313130264.0
2025-05,SK,0.0,1348151343.0,1348151343.0
2025-06,SK,0.0,1276137061.0,1276137061.0
2025-07,SK,0.0,1365817712.0,1365817712.0
2025-08,SK,0.0,1452256940.0,1452256940.0
2025-09,SK,0.0,1351412851.0,1351412851.0
2025-10,SK,0.0,1538906346.0,1538906346.0
2025-11,SK,0.0,1357363842.0,1357363842.0
2025-12,SK,0.0,1318176296.0,1318176296.0
2026-01,SK,0.0,1536018465.0,1536018465.0
2026-02,SK,0.0,1639084243.0,1639084243.0
2026-03,SK,0.0,1894199087.0,1894199087.0
2026-04,SK,0.0,1794783682.0,1794783682.0
2026-05,SK,0.0,1859292193.0,1859292193.0
2026-06,SK,0.0,1876140382.0,1876140382.0
2026-07,SK,0.0,1594554463.0,1594554463.0
2024-01,YT,0.0,2071681.0,2071681.0
2024-02,YT,0.0,1545655.0,1545655.0
2024-03,YT,0.0,4522091.0,4522091.0
2024-04,YT,0.0,3987019.0,3987019.0
2024-05,YT,0.0,10566707.0,10566707.0
2024-06,YT,0.0,11023156.0,11023156.0
2024-07,YT,0.0,14127166.0,14127166.0
2024-08,YT,0.0,6941703.0,6941703.0
2024-09,YT,0.0,8637312.0,8637312.0
2024-10,YT,0.0,6969171.0,6969171.0
2024-11,YT,0.0,3759856.0,3759856.0
2024-12,YT,0.0,10568739.0,10568739.0
2025-01,YT,0.0,2924986.0,2924986.0
2025-02,YT,0.0,2096614.0,2096614.0
2025-03,YT,0.0,1018072.0,1018072.0
2025-04,YT,0.0,6295762.0,6295762.0
2025-05,YT,0.0,7170630.0,7170630.0
2025-06,YT,0.0,9910119.0,9910119.0
2025-07,YT,0.0,15612494.0,15612494.0
2025-08,YT,0.0,10059013.0,10059013.0
2025-09,YT,0.0,9938342.0,9938342.0
2025-10,YT,0.0,7327928.0,7327928.0
2025-11,YT,0.0,5826045.0,5826045.0
2025-12,YT,0.0,914717.0,914717.0
2026-01,YT,0.0,7305761.0,7305761.0
2026-02,YT,0.0,3605965.0,3605965.0
2026-03,YT,0.0,15697100.0,15697100.0
2026-04,YT,0.0,7251170.0,7251170.0
2026-05,YT,0.0,9404150.0,9404150.0
2026-06,YT,0.0,7539374.0,7539374.0
2026-07,YT,0.0,10933807.0,10933807.0
